-- MySQL dump 10.13  Distrib 8.0.32, for Win64 (x86_64)
--
-- Host: localhost    Database: sondir
-- ------------------------------------------------------
-- Server version	8.0.32

/*!40101 SET @OLD_CHARACTER_SET_CLIENT=@@CHARACTER_SET_CLIENT */;
/*!40101 SET @OLD_CHARACTER_SET_RESULTS=@@CHARACTER_SET_RESULTS */;
/*!40101 SET @OLD_COLLATION_CONNECTION=@@COLLATION_CONNECTION */;
/*!50503 SET NAMES utf8 */;
/*!40103 SET @OLD_TIME_ZONE=@@TIME_ZONE */;
/*!40103 SET TIME_ZONE='+00:00' */;
/*!40014 SET @OLD_UNIQUE_CHECKS=@@UNIQUE_CHECKS, UNIQUE_CHECKS=0 */;
/*!40014 SET @OLD_FOREIGN_KEY_CHECKS=@@FOREIGN_KEY_CHECKS, FOREIGN_KEY_CHECKS=0 */;
/*!40101 SET @OLD_SQL_MODE=@@SQL_MODE, SQL_MODE='NO_AUTO_VALUE_ON_ZERO' */;
/*!40111 SET @OLD_SQL_NOTES=@@SQL_NOTES, SQL_NOTES=0 */;

--
-- Table structure for table `failed_jobs`
--

DROP TABLE IF EXISTS `failed_jobs`;
/*!40101 SET @saved_cs_client     = @@character_set_client */;
/*!50503 SET character_set_client = utf8mb4 */;
CREATE TABLE `failed_jobs` (
  `id` bigint unsigned NOT NULL AUTO_INCREMENT,
  `uuid` varchar(255) COLLATE utf8mb4_unicode_ci NOT NULL,
  `connection` text COLLATE utf8mb4_unicode_ci NOT NULL,
  `queue` text COLLATE utf8mb4_unicode_ci NOT NULL,
  `payload` longtext COLLATE utf8mb4_unicode_ci NOT NULL,
  `exception` longtext COLLATE utf8mb4_unicode_ci NOT NULL,
  `failed_at` timestamp NOT NULL DEFAULT CURRENT_TIMESTAMP,
  PRIMARY KEY (`id`),
  UNIQUE KEY `failed_jobs_uuid_unique` (`uuid`)
) ENGINE=InnoDB DEFAULT CHARSET=utf8mb4 COLLATE=utf8mb4_unicode_ci;
/*!40101 SET character_set_client = @saved_cs_client */;

--
-- Dumping data for table `failed_jobs`
--

LOCK TABLES `failed_jobs` WRITE;
/*!40000 ALTER TABLE `failed_jobs` DISABLE KEYS */;
/*!40000 ALTER TABLE `failed_jobs` ENABLE KEYS */;
UNLOCK TABLES;

--
-- Table structure for table `migrations`
--

DROP TABLE IF EXISTS `migrations`;
/*!40101 SET @saved_cs_client     = @@character_set_client */;
/*!50503 SET character_set_client = utf8mb4 */;
CREATE TABLE `migrations` (
  `id` int unsigned NOT NULL AUTO_INCREMENT,
  `migration` varchar(255) COLLATE utf8mb4_unicode_ci NOT NULL,
  `batch` int NOT NULL,
  PRIMARY KEY (`id`)
) ENGINE=InnoDB AUTO_INCREMENT=10 DEFAULT CHARSET=utf8mb4 COLLATE=utf8mb4_unicode_ci;
/*!40101 SET character_set_client = @saved_cs_client */;

--
-- Dumping data for table `migrations`
--

LOCK TABLES `migrations` WRITE;
/*!40000 ALTER TABLE `migrations` DISABLE KEYS */;
INSERT INTO `migrations` VALUES (1,'2014_10_12_000000_create_users_table',1),(2,'2014_10_12_100000_create_password_resets_table',1),(3,'2014_10_12_200000_add_two_factor_columns_to_users_table',1),(4,'2019_08_19_000000_create_failed_jobs_table',1),(5,'2019_12_14_000001_create_personal_access_tokens_table',1),(6,'2021_01_24_083237_create_sessions_table',1),(7,'2023_03_23_101806_create_projects_table',1),(8,'2023_03_23_101820_create_sondirs_table',1),(9,'2023_03_23_101833_create_results_table',1);
/*!40000 ALTER TABLE `migrations` ENABLE KEYS */;
UNLOCK TABLES;

--
-- Table structure for table `password_resets`
--

DROP TABLE IF EXISTS `password_resets`;
/*!40101 SET @saved_cs_client     = @@character_set_client */;
/*!50503 SET character_set_client = utf8mb4 */;
CREATE TABLE `password_resets` (
  `email` varchar(255) COLLATE utf8mb4_unicode_ci NOT NULL,
  `token` varchar(255) COLLATE utf8mb4_unicode_ci NOT NULL,
  `created_at` timestamp NULL DEFAULT NULL,
  KEY `password_resets_email_index` (`email`)
) ENGINE=InnoDB DEFAULT CHARSET=utf8mb4 COLLATE=utf8mb4_unicode_ci;
/*!40101 SET character_set_client = @saved_cs_client */;

--
-- Dumping data for table `password_resets`
--

LOCK TABLES `password_resets` WRITE;
/*!40000 ALTER TABLE `password_resets` DISABLE KEYS */;
/*!40000 ALTER TABLE `password_resets` ENABLE KEYS */;
UNLOCK TABLES;

--
-- Table structure for table `personal_access_tokens`
--

DROP TABLE IF EXISTS `personal_access_tokens`;
/*!40101 SET @saved_cs_client     = @@character_set_client */;
/*!50503 SET character_set_client = utf8mb4 */;
CREATE TABLE `personal_access_tokens` (
  `id` bigint unsigned NOT NULL AUTO_INCREMENT,
  `tokenable_type` varchar(255) COLLATE utf8mb4_unicode_ci NOT NULL,
  `tokenable_id` bigint unsigned NOT NULL,
  `name` varchar(255) COLLATE utf8mb4_unicode_ci NOT NULL,
  `token` varchar(64) COLLATE utf8mb4_unicode_ci NOT NULL,
  `abilities` text COLLATE utf8mb4_unicode_ci,
  `last_used_at` timestamp NULL DEFAULT NULL,
  `created_at` timestamp NULL DEFAULT NULL,
  `updated_at` timestamp NULL DEFAULT NULL,
  PRIMARY KEY (`id`),
  UNIQUE KEY `personal_access_tokens_token_unique` (`token`),
  KEY `personal_access_tokens_tokenable_type_tokenable_id_index` (`tokenable_type`,`tokenable_id`)
) ENGINE=InnoDB DEFAULT CHARSET=utf8mb4 COLLATE=utf8mb4_unicode_ci;
/*!40101 SET character_set_client = @saved_cs_client */;

--
-- Dumping data for table `personal_access_tokens`
--

LOCK TABLES `personal_access_tokens` WRITE;
/*!40000 ALTER TABLE `personal_access_tokens` DISABLE KEYS */;
/*!40000 ALTER TABLE `personal_access_tokens` ENABLE KEYS */;
UNLOCK TABLES;

--
-- Table structure for table `projects`
--

DROP TABLE IF EXISTS `projects`;
/*!40101 SET @saved_cs_client     = @@character_set_client */;
/*!50503 SET character_set_client = utf8mb4 */;
CREATE TABLE `projects` (
  `id` bigint unsigned NOT NULL AUTO_INCREMENT,
  `name` varchar(255) COLLATE utf8mb4_unicode_ci NOT NULL,
  `location` varchar(255) COLLATE utf8mb4_unicode_ci NOT NULL,
  `tester` varchar(25) COLLATE utf8mb4_unicode_ci DEFAULT NULL,
  `approver` varchar(25) COLLATE utf8mb4_unicode_ci DEFAULT NULL,
  `area_of_cone` int DEFAULT NULL,
  `area_of_mandle` int DEFAULT NULL,
  `created_at` timestamp NULL DEFAULT NULL,
  `updated_at` timestamp NULL DEFAULT NULL,
  PRIMARY KEY (`id`)
) ENGINE=InnoDB AUTO_INCREMENT=6 DEFAULT CHARSET=utf8mb4 COLLATE=utf8mb4_unicode_ci;
/*!40101 SET character_set_client = @saved_cs_client */;

--
-- Dumping data for table `projects`
--

LOCK TABLES `projects` WRITE;
/*!40000 ALTER TABLE `projects` DISABLE KEYS */;
INSERT INTO `projects` VALUES (1,'Pembangunan Mesjid Akbar','Balai Jaring, Kota Payakumbuh','Zainal Efendi, ST','Umar Khatab, ST, MT',10,150,'2023-03-27 23:21:00','2023-03-27 23:21:00'),(2,'Pengembangan Hotel Farabi','Jl.Sukarno Hatta Kel Balai Panjang Kota Payakumbuh','Hendrianto ','Umar Khatab, ST, MT',10,150,'2023-03-27 23:21:00','2023-03-27 23:21:00'),(3,'Pembangunan Mesjid Jamik','Jalan Sukarno Hatta Kota Payakumbuh','Zainal Efendi, ST','Umar Khatab, ST, MT',10,150,'2023-03-27 23:21:00','2023-03-27 23:21:00'),(4,'Pembangunan Mesjid Muttahidin Nagori Parambahan','Kota Payakumbuh','Zainal Efendi, ST ','Umar Khatab, ST, MT',10,150,'2023-03-27 23:21:00','2023-03-27 23:21:00'),(5,'Pembangunan Mesjid Nurul Jannah','Payolinyam, Kota Payakumbuh','Zainal Efendi, ST ','Umar Khatab, ST, MT',10,150,'2023-03-27 23:21:00','2023-03-27 23:21:00');
/*!40000 ALTER TABLE `projects` ENABLE KEYS */;
UNLOCK TABLES;

--
-- Table structure for table `results`
--

DROP TABLE IF EXISTS `results`;
/*!40101 SET @saved_cs_client     = @@character_set_client */;
/*!50503 SET character_set_client = utf8mb4 */;
CREATE TABLE `results` (
  `id` bigint unsigned NOT NULL AUTO_INCREMENT,
  `sondir_id` bigint unsigned NOT NULL,
  `depth` double(8,2) NOT NULL,
  `nk` double(8,2) NOT NULL,
  `hp` double(8,2) NOT NULL,
  `created_at` timestamp NULL DEFAULT NULL,
  `updated_at` timestamp NULL DEFAULT NULL,
  PRIMARY KEY (`id`),
  KEY `results_sondir_id_foreign` (`sondir_id`),
  CONSTRAINT `results_sondir_id_foreign` FOREIGN KEY (`sondir_id`) REFERENCES `sondirs` (`id`)
) ENGINE=InnoDB AUTO_INCREMENT=370 DEFAULT CHARSET=utf8mb4 COLLATE=utf8mb4_unicode_ci;
/*!40101 SET character_set_client = @saved_cs_client */;

--
-- Dumping data for table `results`
--

LOCK TABLES `results` WRITE;
/*!40000 ALTER TABLE `results` DISABLE KEYS */;
INSERT INTO `results` VALUES (1,1,0.00,6.00,8.00,NULL,NULL),(2,1,0.20,10.00,12.00,NULL,NULL),(3,1,0.40,30.00,32.00,NULL,NULL),(4,1,0.60,20.00,22.00,NULL,NULL),(5,1,0.80,21.00,23.00,NULL,NULL),(6,1,1.00,28.00,30.00,NULL,NULL),(7,1,1.20,8.00,10.00,NULL,NULL),(8,1,1.40,7.00,9.00,NULL,NULL),(9,1,1.60,8.00,10.00,NULL,NULL),(10,1,1.80,9.00,11.00,NULL,NULL),(11,1,2.00,10.00,12.00,NULL,NULL),(12,1,2.20,20.00,22.00,NULL,NULL),(13,1,2.40,19.00,21.00,NULL,NULL),(14,1,2.60,20.00,22.00,NULL,NULL),(15,1,2.80,23.00,25.00,NULL,NULL),(16,1,3.00,33.00,35.00,NULL,NULL),(17,1,3.20,50.00,55.00,NULL,NULL),(18,1,3.40,90.00,95.00,NULL,NULL),(19,1,3.60,120.00,125.00,NULL,NULL),(20,1,3.80,150.00,155.00,NULL,NULL),(21,2,0.00,0.00,0.00,NULL,NULL),(22,2,0.20,6.00,8.00,NULL,NULL),(23,2,0.40,10.00,12.00,NULL,NULL),(24,2,0.60,12.00,14.00,NULL,NULL),(25,2,0.80,9.00,11.00,NULL,NULL),(26,2,1.00,11.00,13.00,NULL,NULL),(27,2,1.20,20.00,22.00,NULL,NULL),(28,2,1.40,59.00,61.00,NULL,NULL),(29,2,1.60,60.00,62.00,NULL,NULL),(30,2,1.80,20.00,22.00,NULL,NULL),(31,2,2.00,10.00,12.00,NULL,NULL),(32,2,2.20,10.00,12.00,NULL,NULL),(33,2,2.40,12.00,14.00,NULL,NULL),(34,2,2.60,10.00,12.00,NULL,NULL),(35,2,2.80,13.00,15.00,NULL,NULL),(36,2,3.00,10.00,12.00,NULL,NULL),(37,2,3.20,20.00,22.00,NULL,NULL),(38,2,3.40,30.00,32.00,NULL,NULL),(39,2,3.60,20.00,22.00,NULL,NULL),(40,2,3.80,30.00,32.00,NULL,NULL),(41,2,4.00,35.00,37.00,NULL,NULL),(42,2,4.20,30.00,32.00,NULL,NULL),(43,2,4.40,30.00,32.00,NULL,NULL),(44,2,4.60,30.00,32.00,NULL,NULL),(45,2,4.80,30.00,32.00,NULL,NULL),(46,2,5.00,20.00,22.00,NULL,NULL),(47,2,5.20,20.00,22.00,NULL,NULL),(48,2,5.40,30.00,32.00,NULL,NULL),(49,2,5.60,30.00,32.00,NULL,NULL),(50,2,5.80,20.00,22.00,NULL,NULL),(51,2,6.00,30.00,32.00,NULL,NULL),(52,2,6.20,90.00,95.00,NULL,NULL),(53,2,6.40,90.00,95.00,NULL,NULL),(54,2,6.60,90.00,95.00,NULL,NULL),(55,2,6.80,130.00,135.00,NULL,NULL),(56,2,7.00,130.00,135.00,NULL,NULL),(57,2,7.20,20.00,22.00,NULL,NULL),(58,2,7.40,20.00,22.00,NULL,NULL),(59,2,7.60,20.00,22.00,NULL,NULL),(60,2,7.80,30.00,32.00,NULL,NULL),(61,2,8.00,30.00,32.00,NULL,NULL),(62,2,8.20,50.00,55.00,NULL,NULL),(63,2,8.40,50.00,55.00,NULL,NULL),(64,2,8.60,50.00,55.00,NULL,NULL),(65,2,8.80,40.00,43.00,NULL,NULL),(66,2,9.00,30.00,32.00,NULL,NULL),(67,2,9.20,40.00,43.00,NULL,NULL),(68,2,9.40,40.00,43.00,NULL,NULL),(69,2,9.60,30.00,32.00,NULL,NULL),(70,2,9.80,40.00,43.00,NULL,NULL),(71,2,10.00,45.00,48.00,NULL,NULL),(72,2,10.20,80.00,85.00,NULL,NULL),(73,2,10.40,140.00,145.00,NULL,NULL),(74,2,10.60,150.00,155.00,NULL,NULL),(75,3,0.00,0.00,0.00,NULL,NULL),(76,3,0.20,10.00,12.00,NULL,NULL),(77,3,0.40,15.00,17.00,NULL,NULL),(78,3,0.60,12.00,14.00,NULL,NULL),(79,3,0.80,8.00,10.00,NULL,NULL),(80,3,1.00,5.00,7.00,NULL,NULL),(81,3,1.20,4.00,6.00,NULL,NULL),(82,3,1.40,4.00,6.00,NULL,NULL),(83,3,1.60,8.00,10.00,NULL,NULL),(84,3,1.80,8.00,10.00,NULL,NULL),(85,3,2.00,3.00,5.00,NULL,NULL),(86,3,2.20,3.00,5.00,NULL,NULL),(87,3,2.40,4.00,6.00,NULL,NULL),(88,3,2.60,4.00,6.00,NULL,NULL),(89,3,2.80,5.00,7.00,NULL,NULL),(90,3,3.00,3.00,5.00,NULL,NULL),(91,3,3.20,4.00,6.00,NULL,NULL),(92,3,3.40,4.00,6.00,NULL,NULL),(93,3,3.60,4.00,6.00,NULL,NULL),(94,3,3.80,6.00,8.00,NULL,NULL),(95,3,4.00,4.00,6.00,NULL,NULL),(96,3,4.20,20.00,22.00,NULL,NULL),(97,3,4.40,30.00,32.00,NULL,NULL),(98,3,4.60,60.00,65.00,NULL,NULL),(99,3,4.80,60.00,65.00,NULL,NULL),(100,3,5.00,50.00,55.00,NULL,NULL),(101,3,5.20,70.00,75.00,NULL,NULL),(102,3,5.40,70.00,75.00,NULL,NULL),(103,3,5.60,70.00,75.00,NULL,NULL),(104,3,5.80,70.00,75.00,NULL,NULL),(105,3,6.00,70.00,75.00,NULL,NULL),(106,3,6.20,80.00,85.00,NULL,NULL),(107,3,6.40,80.00,85.00,NULL,NULL),(108,3,6.60,80.00,85.00,NULL,NULL),(109,3,6.80,80.00,85.00,NULL,NULL),(110,3,7.00,50.00,55.00,NULL,NULL),(111,3,7.20,40.00,43.00,NULL,NULL),(112,3,7.40,50.00,55.00,NULL,NULL),(113,3,7.60,50.00,55.00,NULL,NULL),(114,3,7.80,50.00,55.00,NULL,NULL),(115,3,8.00,100.00,105.00,NULL,NULL),(116,3,8.20,130.00,135.00,NULL,NULL),(117,3,8.40,150.00,155.00,NULL,NULL),(118,3,8.60,160.00,165.00,NULL,NULL),(119,4,0.00,0.00,0.00,NULL,NULL),(120,4,0.20,10.00,12.00,NULL,NULL),(121,4,0.40,11.00,13.00,NULL,NULL),(122,4,0.60,10.00,12.00,NULL,NULL),(123,4,0.80,10.00,12.00,NULL,NULL),(124,4,1.00,10.00,12.00,NULL,NULL),(125,4,1.20,8.00,10.00,NULL,NULL),(126,4,1.40,8.00,10.00,NULL,NULL),(127,4,1.60,8.00,10.00,NULL,NULL),(128,4,1.80,8.00,10.00,NULL,NULL),(129,4,2.00,3.00,5.00,NULL,NULL),(130,4,2.20,5.00,7.00,NULL,NULL),(131,4,2.40,10.00,12.00,NULL,NULL),(132,4,2.60,20.00,22.00,NULL,NULL),(133,4,2.80,25.00,27.00,NULL,NULL),(134,4,3.00,25.00,27.00,NULL,NULL),(135,4,3.20,20.00,22.00,NULL,NULL),(136,4,3.40,23.00,25.00,NULL,NULL),(137,4,3.60,30.00,32.00,NULL,NULL),(138,4,3.80,30.00,32.00,NULL,NULL),(139,4,4.00,4.00,6.00,NULL,NULL),(140,4,4.20,5.00,7.00,NULL,NULL),(141,4,4.40,5.00,7.00,NULL,NULL),(142,4,4.60,4.00,6.00,NULL,NULL),(143,4,4.80,10.00,12.00,NULL,NULL),(144,4,5.00,25.00,27.00,NULL,NULL),(145,4,5.20,40.00,43.00,NULL,NULL),(146,4,5.40,50.00,55.00,NULL,NULL),(147,4,5.60,60.00,65.00,NULL,NULL),(148,4,5.80,45.00,48.00,NULL,NULL),(149,4,6.00,45.00,48.00,NULL,NULL),(150,4,6.20,60.00,65.00,NULL,NULL),(151,4,6.40,60.00,65.00,NULL,NULL),(152,4,6.60,60.00,65.00,NULL,NULL),(153,4,6.80,50.00,55.00,NULL,NULL),(154,4,7.00,70.00,75.00,NULL,NULL),(155,4,7.20,70.00,75.00,NULL,NULL),(156,4,7.40,60.00,65.00,NULL,NULL),(157,4,7.60,50.00,55.00,NULL,NULL),(158,4,7.80,60.00,65.00,NULL,NULL),(159,4,8.00,90.00,95.00,NULL,NULL),(160,4,8.20,100.00,105.00,NULL,NULL),(161,4,8.40,120.00,125.00,NULL,NULL),(162,4,8.60,130.00,135.00,NULL,NULL),(163,4,8.80,160.00,165.00,NULL,NULL),(164,5,0.00,0.00,0.00,NULL,NULL),(165,5,0.20,10.00,12.00,NULL,NULL),(166,5,0.40,20.00,22.00,NULL,NULL),(167,5,0.60,31.00,33.00,NULL,NULL),(168,5,0.80,20.00,22.00,NULL,NULL),(169,5,1.00,20.00,22.00,NULL,NULL),(170,5,1.20,25.00,27.00,NULL,NULL),(171,5,1.40,25.00,27.00,NULL,NULL),(172,5,1.60,35.00,37.00,NULL,NULL),(173,5,1.80,38.00,40.00,NULL,NULL),(174,5,2.00,38.00,40.00,NULL,NULL),(175,5,2.20,24.00,26.00,NULL,NULL),(176,5,2.40,21.00,23.00,NULL,NULL),(177,5,2.60,20.00,22.00,NULL,NULL),(178,5,2.80,19.00,21.00,NULL,NULL),(179,5,3.00,21.00,23.00,NULL,NULL),(180,5,3.20,27.00,29.00,NULL,NULL),(181,5,3.40,30.00,32.00,NULL,NULL),(182,5,3.60,32.00,34.00,NULL,NULL),(183,5,3.80,30.00,32.00,NULL,NULL),(184,5,4.00,56.00,61.00,NULL,NULL),(185,5,4.20,40.00,43.00,NULL,NULL),(186,5,4.40,60.00,65.00,NULL,NULL),(187,5,4.60,60.00,65.00,NULL,NULL),(188,5,4.80,86.00,91.00,NULL,NULL),(189,5,5.00,130.00,135.00,NULL,NULL),(190,5,5.20,150.00,155.00,NULL,NULL),(191,6,0.00,0.00,0.00,NULL,NULL),(192,6,0.20,0.00,2.00,NULL,NULL),(193,6,0.40,3.00,5.00,NULL,NULL),(194,6,0.60,4.00,6.00,NULL,NULL),(195,6,0.80,5.00,7.00,NULL,NULL),(196,6,1.00,14.00,16.00,NULL,NULL),(197,6,1.20,15.00,17.00,NULL,NULL),(198,6,1.40,8.00,10.00,NULL,NULL),(199,6,1.60,10.00,12.00,NULL,NULL),(200,6,1.80,15.00,17.00,NULL,NULL),(201,6,2.00,36.00,38.00,NULL,NULL),(202,6,2.20,21.00,23.00,NULL,NULL),(203,6,2.40,24.00,26.00,NULL,NULL),(204,6,2.60,19.00,21.00,NULL,NULL),(205,6,2.80,16.00,18.00,NULL,NULL),(206,6,3.00,15.00,17.00,NULL,NULL),(207,6,3.20,20.00,22.00,NULL,NULL),(208,6,3.40,28.00,30.00,NULL,NULL),(209,6,3.60,40.00,42.00,NULL,NULL),(210,6,3.80,32.00,34.00,NULL,NULL),(211,6,4.00,33.00,35.00,NULL,NULL),(212,6,4.20,55.00,60.00,NULL,NULL),(213,6,4.40,60.00,65.00,NULL,NULL),(214,6,4.60,50.00,55.00,NULL,NULL),(215,6,4.80,110.00,115.00,NULL,NULL),(216,6,5.00,150.00,155.00,NULL,NULL),(217,7,0.00,0.00,0.00,NULL,NULL),(218,7,0.20,0.00,0.00,NULL,NULL),(219,7,0.40,0.00,0.00,NULL,NULL),(220,7,0.60,2.00,4.00,NULL,NULL),(221,7,0.80,3.00,5.00,NULL,NULL),(222,7,1.00,5.00,7.00,NULL,NULL),(223,7,1.20,10.00,12.00,NULL,NULL),(224,7,1.40,10.00,12.00,NULL,NULL),(225,7,1.60,15.00,17.00,NULL,NULL),(226,7,1.80,15.00,17.00,NULL,NULL),(227,7,2.00,17.00,19.00,NULL,NULL),(228,7,2.20,20.00,22.00,NULL,NULL),(229,7,2.40,30.00,32.00,NULL,NULL),(230,7,2.60,30.00,32.00,NULL,NULL),(231,7,2.80,32.00,34.00,NULL,NULL),(232,7,3.00,30.00,32.00,NULL,NULL),(233,7,3.20,28.00,30.00,NULL,NULL),(234,7,3.40,25.00,27.00,NULL,NULL),(235,7,3.60,60.00,65.00,NULL,NULL),(236,7,3.80,75.00,80.00,NULL,NULL),(237,7,4.00,80.00,85.00,NULL,NULL),(238,7,4.20,80.00,85.00,NULL,NULL),(239,7,4.40,100.00,105.00,NULL,NULL),(240,7,4.60,140.00,145.00,NULL,NULL),(241,7,4.80,150.00,155.00,NULL,NULL),(242,8,0.00,0.00,0.00,NULL,NULL),(243,8,0.20,28.00,30.00,NULL,NULL),(244,8,0.40,29.00,31.00,NULL,NULL),(245,8,0.60,30.00,32.00,NULL,NULL),(246,8,0.80,25.00,27.00,NULL,NULL),(247,8,1.00,28.00,30.00,NULL,NULL),(248,8,1.20,32.00,34.00,NULL,NULL),(249,8,1.40,20.00,22.00,NULL,NULL),(250,8,1.60,33.00,35.00,NULL,NULL),(251,8,1.80,35.00,37.00,NULL,NULL),(252,8,2.00,40.00,43.00,NULL,NULL),(253,8,2.20,50.00,55.00,NULL,NULL),(254,8,2.40,50.00,55.00,NULL,NULL),(255,8,2.60,55.00,60.00,NULL,NULL),(256,8,2.80,55.00,60.00,NULL,NULL),(257,8,3.00,60.00,65.00,NULL,NULL),(258,8,3.20,58.00,63.00,NULL,NULL),(259,8,3.40,55.00,60.00,NULL,NULL),(260,8,3.60,60.00,65.00,NULL,NULL),(261,8,3.80,60.00,65.00,NULL,NULL),(262,8,4.00,58.00,63.00,NULL,NULL),(263,8,4.20,60.00,65.00,NULL,NULL),(264,8,4.40,65.00,70.00,NULL,NULL),(265,8,4.60,70.00,75.00,NULL,NULL),(266,8,4.80,75.00,80.00,NULL,NULL),(267,8,5.00,88.00,93.00,NULL,NULL),(268,8,5.20,100.00,105.00,NULL,NULL),(269,8,5.40,100.00,105.00,NULL,NULL),(270,8,5.60,120.00,125.00,NULL,NULL),(271,8,5.80,150.00,155.00,NULL,NULL),(272,9,0.00,0.00,0.00,NULL,NULL),(273,9,0.20,0.00,0.00,NULL,NULL),(274,9,0.40,0.00,0.00,NULL,NULL),(275,9,0.60,0.00,0.00,NULL,NULL),(276,9,0.80,0.00,0.00,NULL,NULL),(277,9,1.00,0.00,0.00,NULL,NULL),(278,9,1.20,0.00,0.00,NULL,NULL),(279,9,1.40,0.00,0.00,NULL,NULL),(280,9,1.60,0.00,0.00,NULL,NULL),(281,9,1.80,0.00,0.00,NULL,NULL),(282,9,2.00,2.00,4.00,NULL,NULL),(283,9,2.20,4.00,6.00,NULL,NULL),(284,9,2.40,5.00,7.00,NULL,NULL),(285,9,2.60,8.00,10.00,NULL,NULL),(286,9,2.80,5.00,7.00,NULL,NULL),(287,9,3.00,5.00,7.00,NULL,NULL),(288,9,3.20,5.00,7.00,NULL,NULL),(289,9,3.40,10.00,12.00,NULL,NULL),(290,9,3.60,13.00,15.00,NULL,NULL),(291,9,3.80,15.00,17.00,NULL,NULL),(292,9,4.00,15.00,17.00,NULL,NULL),(293,9,4.20,20.00,22.00,NULL,NULL),(294,9,4.40,50.00,55.00,NULL,NULL),(295,9,4.60,30.00,32.00,NULL,NULL),(296,9,4.80,50.00,55.00,NULL,NULL),(297,9,5.00,50.00,55.00,NULL,NULL),(298,9,5.20,50.00,55.00,NULL,NULL),(299,9,5.40,60.00,65.00,NULL,NULL),(300,9,5.60,55.00,60.00,NULL,NULL),(301,9,5.80,60.00,65.00,NULL,NULL),(302,9,6.00,60.00,65.00,NULL,NULL),(303,9,6.20,56.00,61.00,NULL,NULL),(304,9,6.40,65.00,70.00,NULL,NULL),(305,9,6.60,70.00,75.00,NULL,NULL),(306,9,6.80,80.00,85.00,NULL,NULL),(307,9,7.00,100.00,105.00,NULL,NULL),(308,9,7.20,130.00,135.00,NULL,NULL),(309,9,7.40,120.00,125.00,NULL,NULL),(310,9,7.60,130.00,135.00,NULL,NULL),(311,9,7.80,110.00,115.00,NULL,NULL),(312,9,8.00,100.00,105.00,NULL,NULL),(313,9,8.20,120.00,125.00,NULL,NULL),(314,9,8.40,120.00,125.00,NULL,NULL),(315,9,8.60,130.00,135.00,NULL,NULL),(316,9,8.80,150.00,155.00,NULL,NULL),(317,10,0.00,0.00,0.00,NULL,NULL),(318,10,0.20,4.00,6.00,NULL,NULL),(319,10,0.40,5.00,7.00,NULL,NULL),(320,10,0.60,7.00,9.00,NULL,NULL),(321,10,0.80,10.00,12.00,NULL,NULL),(322,10,1.00,22.00,24.00,NULL,NULL),(323,10,1.20,25.00,27.00,NULL,NULL),(324,10,1.40,27.00,29.00,NULL,NULL),(325,10,1.60,27.00,29.00,NULL,NULL),(326,10,1.80,18.00,20.00,NULL,NULL),(327,10,2.00,18.00,20.00,NULL,NULL),(328,10,2.20,19.00,21.00,NULL,NULL),(329,10,2.40,22.00,24.00,NULL,NULL),(330,10,2.60,25.00,27.00,NULL,NULL),(331,10,2.80,29.00,31.00,NULL,NULL),(332,10,3.00,30.00,32.00,NULL,NULL),(333,10,3.20,32.00,34.00,NULL,NULL),(334,10,3.40,32.00,34.00,NULL,NULL),(335,10,3.60,34.00,36.00,NULL,NULL),(336,10,3.80,40.00,43.00,NULL,NULL),(337,10,4.00,42.00,45.00,NULL,NULL),(338,10,4.20,42.00,45.00,NULL,NULL),(339,10,4.40,51.00,56.00,NULL,NULL),(340,10,4.60,57.00,62.00,NULL,NULL),(341,10,4.80,60.00,65.00,NULL,NULL),(342,10,5.00,70.00,75.00,NULL,NULL),(343,10,5.20,40.00,43.00,NULL,NULL),(344,10,5.40,40.00,43.00,NULL,NULL),(345,10,5.60,55.00,60.00,NULL,NULL),(346,10,5.80,40.00,43.00,NULL,NULL),(347,10,6.00,45.00,48.00,NULL,NULL),(348,10,6.20,50.00,55.00,NULL,NULL),(349,10,6.40,50.00,55.00,NULL,NULL),(350,10,6.60,60.00,65.00,NULL,NULL),(351,10,6.80,100.00,105.00,NULL,NULL),(352,10,7.00,120.00,125.00,NULL,NULL),(353,10,7.20,110.00,115.00,NULL,NULL),(354,10,7.40,100.00,105.00,NULL,NULL),(355,10,7.60,80.00,85.00,NULL,NULL),(356,10,7.80,90.00,95.00,NULL,NULL),(357,10,8.00,80.00,85.00,NULL,NULL),(358,10,8.20,80.00,85.00,NULL,NULL),(359,10,8.40,70.00,75.00,NULL,NULL),(360,10,8.60,70.00,75.00,NULL,NULL),(361,10,8.80,70.00,75.00,NULL,NULL),(362,10,9.00,80.00,85.00,NULL,NULL),(363,10,9.20,90.00,95.00,NULL,NULL),(364,10,9.40,90.00,95.00,NULL,NULL),(365,10,9.60,80.00,85.00,NULL,NULL),(366,10,9.80,100.00,105.00,NULL,NULL),(367,10,10.00,100.00,105.00,NULL,NULL),(368,10,10.20,120.00,125.00,NULL,NULL),(369,10,10.40,150.00,155.00,NULL,NULL);
/*!40000 ALTER TABLE `results` ENABLE KEYS */;
UNLOCK TABLES;

--
-- Table structure for table `sessions`
--

DROP TABLE IF EXISTS `sessions`;
/*!40101 SET @saved_cs_client     = @@character_set_client */;
/*!50503 SET character_set_client = utf8mb4 */;
CREATE TABLE `sessions` (
  `id` varchar(255) COLLATE utf8mb4_unicode_ci NOT NULL,
  `user_id` bigint unsigned DEFAULT NULL,
  `ip_address` varchar(45) COLLATE utf8mb4_unicode_ci DEFAULT NULL,
  `user_agent` text COLLATE utf8mb4_unicode_ci,
  `payload` text COLLATE utf8mb4_unicode_ci NOT NULL,
  `last_activity` int NOT NULL,
  PRIMARY KEY (`id`),
  KEY `sessions_user_id_index` (`user_id`),
  KEY `sessions_last_activity_index` (`last_activity`)
) ENGINE=InnoDB DEFAULT CHARSET=utf8mb4 COLLATE=utf8mb4_unicode_ci;
/*!40101 SET character_set_client = @saved_cs_client */;

--
-- Dumping data for table `sessions`
--

LOCK TABLES `sessions` WRITE;
/*!40000 ALTER TABLE `sessions` DISABLE KEYS */;
/*!40000 ALTER TABLE `sessions` ENABLE KEYS */;
UNLOCK TABLES;

--
-- Table structure for table `sondirs`
--

DROP TABLE IF EXISTS `sondirs`;
/*!40101 SET @saved_cs_client     = @@character_set_client */;
/*!50503 SET character_set_client = utf8mb4 */;
CREATE TABLE `sondirs` (
  `id` bigint unsigned NOT NULL AUTO_INCREMENT,
  `project_id` bigint unsigned NOT NULL,
  `number` int NOT NULL,
  `date` datetime DEFAULT NULL,
  `description` text COLLATE utf8mb4_unicode_ci,
  `executor` varchar(25) COLLATE utf8mb4_unicode_ci DEFAULT NULL,
  `operator` varchar(25) COLLATE utf8mb4_unicode_ci DEFAULT NULL,
  `capacity` int DEFAULT NULL,
  `recommendation` int DEFAULT NULL,
  `lat` decimal(12,8) DEFAULT NULL,
  `lng` decimal(12,8) DEFAULT NULL,
  `created_at` timestamp NULL DEFAULT NULL,
  `updated_at` timestamp NULL DEFAULT NULL,
  PRIMARY KEY (`id`),
  KEY `sondirs_project_id_foreign` (`project_id`),
  CONSTRAINT `sondirs_project_id_foreign` FOREIGN KEY (`project_id`) REFERENCES `projects` (`id`)
) ENGINE=InnoDB AUTO_INCREMENT=11 DEFAULT CHARSET=utf8mb4 COLLATE=utf8mb4_unicode_ci;
/*!40101 SET character_set_client = @saved_cs_client */;

--
-- Dumping data for table `sondirs`
--

LOCK TABLES `sondirs` WRITE;
/*!40000 ALTER TABLE `sondirs` DISABLE KEYS */;
INSERT INTO `sondirs` VALUES (1,1,1,NULL,NULL,NULL,NULL,NULL,1,-0.23632656,100.66083411,'2023-03-27 23:21:00','2023-03-27 23:21:00'),(2,1,2,NULL,NULL,NULL,NULL,NULL,1,-0.20079509,100.64745604,'2023-03-27 23:21:00','2023-03-27 23:21:00'),(3,2,1,NULL,NULL,NULL,NULL,NULL,1,-0.25980680,100.60405240,'2023-03-27 23:21:00','2023-03-27 23:21:00'),(4,2,2,NULL,NULL,NULL,NULL,NULL,1,-0.26014500,100.60626300,'2023-03-27 23:21:00','2023-03-27 23:21:00'),(5,3,1,NULL,NULL,NULL,NULL,NULL,2,-0.22553990,100.62952710,'2023-03-27 23:21:00','2023-03-27 23:21:00'),(6,3,2,NULL,NULL,NULL,NULL,NULL,2,-0.22513950,100.62957300,'2023-03-27 23:21:00','2023-03-27 23:21:00'),(7,4,1,NULL,NULL,NULL,NULL,NULL,2,-0.20600400,100.60531630,'2023-03-27 23:21:00','2023-03-27 23:21:00'),(8,4,2,NULL,NULL,NULL,NULL,NULL,2,-0.20602400,100.60535560,'2023-03-27 23:21:00','2023-03-27 23:21:00'),(9,5,1,NULL,NULL,NULL,NULL,NULL,1,-0.20289130,100.64376300,'2023-03-27 23:21:00','2023-03-27 23:21:00'),(10,5,2,NULL,NULL,NULL,NULL,NULL,1,-0.20079509,100.64745604,'2023-03-27 23:21:00','2023-03-27 23:21:00');
/*!40000 ALTER TABLE `sondirs` ENABLE KEYS */;
UNLOCK TABLES;

--
-- Table structure for table `users`
--

DROP TABLE IF EXISTS `users`;
/*!40101 SET @saved_cs_client     = @@character_set_client */;
/*!50503 SET character_set_client = utf8mb4 */;
CREATE TABLE `users` (
  `id` bigint unsigned NOT NULL AUTO_INCREMENT,
  `name` varchar(255) COLLATE utf8mb4_unicode_ci NOT NULL,
  `email` varchar(255) COLLATE utf8mb4_unicode_ci NOT NULL,
  `email_verified_at` timestamp NULL DEFAULT NULL,
  `password` varchar(255) COLLATE utf8mb4_unicode_ci NOT NULL,
  `two_factor_secret` text COLLATE utf8mb4_unicode_ci,
  `two_factor_recovery_codes` text COLLATE utf8mb4_unicode_ci,
  `remember_token` varchar(100) COLLATE utf8mb4_unicode_ci DEFAULT NULL,
  `current_team_id` bigint unsigned DEFAULT NULL,
  `profile_photo_path` text COLLATE utf8mb4_unicode_ci,
  `created_at` timestamp NULL DEFAULT NULL,
  `updated_at` timestamp NULL DEFAULT NULL,
  PRIMARY KEY (`id`),
  UNIQUE KEY `users_email_unique` (`email`)
) ENGINE=InnoDB AUTO_INCREMENT=2 DEFAULT CHARSET=utf8mb4 COLLATE=utf8mb4_unicode_ci;
/*!40101 SET character_set_client = @saved_cs_client */;

--
-- Dumping data for table `users`
--

LOCK TABLES `users` WRITE;
/*!40000 ALTER TABLE `users` DISABLE KEYS */;
INSERT INTO `users` VALUES (1,'User','user@gmail.com','2023-03-27 23:21:00','$2y$10$92IXUNpkjO0rOQ5byMi.Ye4oKoEa3Ro9llC/.og/at2.uheWG/igi',NULL,NULL,'sK8DqQ1ljW',NULL,NULL,'2023-03-27 23:21:00','2023-03-27 23:21:00');
/*!40000 ALTER TABLE `users` ENABLE KEYS */;
UNLOCK TABLES;
/*!40103 SET TIME_ZONE=@OLD_TIME_ZONE */;

/*!40101 SET SQL_MODE=@OLD_SQL_MODE */;
/*!40014 SET FOREIGN_KEY_CHECKS=@OLD_FOREIGN_KEY_CHECKS */;
/*!40014 SET UNIQUE_CHECKS=@OLD_UNIQUE_CHECKS */;
/*!40101 SET CHARACTER_SET_CLIENT=@OLD_CHARACTER_SET_CLIENT */;
/*!40101 SET CHARACTER_SET_RESULTS=@OLD_CHARACTER_SET_RESULTS */;
/*!40101 SET COLLATION_CONNECTION=@OLD_COLLATION_CONNECTION */;
/*!40111 SET SQL_NOTES=@OLD_SQL_NOTES */;

-- Dump completed on 2023-03-29 13:00:12
